Parameters,,Total Net Profit,Total Trades,In Trade Max Draw Down(Closed Bar),Profit to Max Draw,Closed Trade Max Draw,Profit to Closed Trade Max Draw,PercentWinners,DrawPeriods Over -30k,Average Draw Over -30k,Draw Periods Over -10k,Average Draw Over -10k,MaxWin,MaxLoss,Avg Win,Avg Loss,Long Trades,Short Trades,Percent Long
"(20,)","(7,)"," 539,910 ", 724 ," (57,918)", 9 ," (51,555)", 10 , 49 , 9 ," (45,880)", 45 ," (21,884)"," 21,399 "," (22,197)"," 5,518 "," (3,859)", 362 , 362 , 50 
"(25,)","(3,)"," 566,328 ", 996 ," (61,131)", 9 ," (53,319)", 11 , 47 , 13 ," (42,115)", 44 ," (23,790)"," 29,715 "," (19,236)"," 4,533 "," (2,907)", 498 , 498 , 50 
"(20,)","(8,)"," 527,646 ", 694 ," (57,645)", 9 ," (53,193)", 10 , 49 , 12 ," (39,657)", 43 ," (23,222)"," 25,788 "," (23,541)"," 5,504 "," (3,872)", 347 , 347 , 50 
"(20,)","(4,)"," 550,746 ", 966 ," (62,832)", 9 ," (60,963)", 9 , 48 , 12 ," (44,105)", 43 ," (24,378)"," 25,221 "," (17,640)"," 4,572 "," (3,104)", 483 , 483 , 50 
"(20,)","(3,)"," 567,420 "," 1,154 "," (71,526)", 8 ," (69,111)", 8 , 46 , 11 ," (45,631)", 33 ," (26,326)"," 24,969 "," (15,897)"," 4,172 "," (2,663)", 577 , 577 , 50 
"(25,)","(2,)"," 553,014 "," 1,424 "," (74,340)", 7 ," (71,841)", 8 , 44 , 11 ," (46,145)", 36 ," (24,620)"," 24,969 "," (15,603)"," 3,773 "," (2,297)", 712 , 712 , 50 
"(20,)","(9,)"," 457,170 ", 652 ," (61,572)", 7 ," (55,104)", 8 , 50 , 11 ," (43,040)", 43 ," (22,929)"," 22,050 "," (24,465)"," 5,443 "," (4,096)", 326 , 326 , 50 
"(25,)","(5,)"," 475,860 ", 758 ," (64,302)", 7 ," (59,703)", 8 , 48 , 10 ," (43,403)", 43 ," (22,997)"," 29,652 "," (21,378)"," 5,195 "," (3,593)", 379 , 379 , 50 
"(40,)","(3,)"," 538,356 ", 767 ," (75,516)", 7 ," (72,198)", 7 , 48 , 10 ," (46,658)", 49 ," (22,433)"," 27,426 "," (20,223)"," 5,039 "," (3,303)", 383 , 384 , 50 
"(25,)","(4,)"," 534,660 ", 833 ," (78,498)", 7 ," (73,962)", 7 , 47 , 12 ," (42,612)", 41 ," (23,768)"," 30,240 "," (19,257)"," 5,073 "," (3,273)", 417 , 416 , 50 
"(20,)","(5,)"," 438,900 ", 846 ," (71,526)", 6 ," (64,113)", 7 , 48 , 11 ," (48,701)", 35 ," (26,058)"," 22,029 "," (20,475)"," 4,905 "," (3,506)", 423 , 423 , 50 
"(30,)","(4,)"," 546,882 ", 766 ," (89,292)", 6 ," (86,583)", 6 , 50 , 6 ," (44,842)", 37 ," (23,304)"," 28,707 "," (20,853)"," 5,040 "," (3,556)", 383 , 383 , 50 
"(40,)","(4,)"," 544,698 ", 615 ," (88,998)", 6 ," (83,748)", 7 , 48 , 9 ," (46,636)", 33 ," (24,897)"," 29,358 "," (23,100)"," 5,995 "," (3,858)", 307 , 308 , 50 
"(35,)","(3,)"," 573,090 ", 843 ," (94,227)", 6 ," (89,880)", 6 , 48 , 9 ," (49,558)", 44 ," (23,559)"," 27,699 "," (20,769)"," 4,737 "," (3,116)", 422 , 421 , 50 
"(20,)","(6,)"," 481,740 ", 784 ," (82,173)", 6 ," (68,691)", 7 , 48 , 9 ," (53,382)", 37 ," (24,214)"," 22,806 "," (20,937)"," 5,192 "," (3,666)", 392 , 392 , 50 
"(50,)","(4,)"," 434,616 ", 566 ," (74,466)", 6 ," (70,812)", 6 , 47 , 8 ," (48,106)", 33 ," (24,165)"," 27,426 "," (24,780)"," 6,101 "," (4,015)", 283 , 283 , 50 
"(20,)","(2,)"," 510,426 "," 1,644 "," (88,515)", 6 ," (87,801)", 6 , 46 , 9 ," (53,944)", 36 ," (25,476)"," 25,515 "," (17,241)"," 3,340 "," (2,259)", 822 , 822 , 50 
"(5,)","(3,)"," 540,792 "," 2,593 "," (93,786)", 6 ," (89,376)", 6 , 48 , 8 ," (54,994)", 35 ," (25,160)"," 21,462 "," (15,645)"," 2,671 "," (2,030)"," 1,297 "," 1,296 ", 50 
"(15,)","(10,)"," 480,942 ", 750 ," (83,559)", 6 ," (81,879)", 6 , 50 , 7 ," (54,486)", 40 ," (22,850)"," 23,226 "," (23,772)"," 5,127 "," (3,767)", 375 , 375 , 50 
"(35,)","(4,)"," 524,874 ", 691 ," (92,316)", 6 ," (88,137)", 6 , 48 , 9 ," (48,608)", 46 ," (22,111)"," 27,699 "," (20,769)"," 5,522 "," (3,586)", 346 , 345 , 50 
"(55,)","(3,)"," 422,982 ", 619 ," (75,873)", 6 ," (72,408)", 6 , 47 , 4 ," (56,831)", 28 ," (23,218)"," 31,038 "," (29,316)"," 5,652 "," (3,679)", 310 , 309 , 50 
"(55,)","(5,)"," 389,340 ", 462 ," (69,867)", 6 ," (66,402)", 6 , 49 , 7 ," (51,258)", 35 ," (22,979)"," 27,468 "," (29,316)"," 6,515 "," (4,595)", 231 , 231 , 50 
"(25,)","(6,)"," 442,806 ", 684 ," (80,325)", 6 ," (75,495)", 6 , 50 , 8 ," (46,216)", 37 ," (22,241)"," 27,846 "," (23,772)"," 5,302 "," (3,961)", 342 , 342 , 50 
"(10,)","(10,)"," 353,304 ", 916 ," (64,974)", 5 ," (59,934)", 6 , 48 , 11 ," (44,969)", 31 ," (26,952)"," 26,355 "," (20,181)"," 4,619 "," (3,482)", 458 , 458 , 50 
"(35,)","(5,)"," 534,996 ", 600 ," (103,761)", 5 ," (89,796)", 6 , 50 , 9 ," (51,107)", 44 ," (23,278)"," 27,048 "," (20,874)"," 5,825 "," (4,062)", 300 , 300 , 50 
"(80,)","(10,)"," 290,976 ", 279 ," (59,241)", 5 ," (52,416)", 6 , 46 , 8 ," (48,578)", 34 ," (24,960)"," 29,589 "," (28,434)"," 9,348 "," (6,112)", 139 , 140 , 50 
"(55,)","(4,)"," 368,760 ", 531 ," (76,713)", 5 ," (72,408)", 5 , 46 , 6 ," (51,674)", 31 ," (22,931)"," 28,623 "," (29,316)"," 6,259 "," (4,129)", 266 , 265 , 50 
"(30,)","(3,)"," 536,634 ", 912 ," (112,623)", 5 ," (107,940)", 5 , 48 , 11 ," (47,239)", 39 ," (25,269)"," 27,174 "," (19,572)"," 4,618 "," (3,102)", 456 , 456 , 50 
"(40,)","(2,)"," 552,762 "," 1,063 "," (117,306)", 5 ," (114,114)", 5 , 45 , 7 ," (58,695)", 48 ," (21,055)"," 27,594 "," (21,378)"," 4,277 "," (2,578)", 531 , 532 , 50 
"(85,)","(9,)"," 297,654 ", 297 ," (63,357)", 5 ," (58,422)", 5 , 50 , 12 ," (47,773)", 30 ," (28,735)"," 30,009 "," (27,804)"," 8,031 "," (6,166)", 148 , 149 , 50 
"(5,)","(7,)"," 397,614 "," 1,437 "," (86,394)", 5 ," (80,220)", 5 , 47 , 11 ," (47,842)", 29 ," (28,519)"," 26,145 "," (18,081)"," 3,579 "," (2,706)", 719 , 718 , 50 
"(10,)","(2,)"," 401,646 "," 2,417 "," (88,914)", 5 ," (84,840)", 5 , 45 , 10 ," (57,511)", 33 ," (28,680)"," 28,455 "," (19,257)"," 2,789 "," (2,013)"," 1,209 "," 1,208 ", 50 
"(80,)","(8,)"," 327,810 ", 301 ," (73,563)", 4 ," (59,241)", 6 , 48 , 12 ," (45,962)", 39 ," (27,119)"," 29,274 "," (28,539)"," 8,729 "," (5,835)", 150 , 151 , 50 
"(55,)","(6,)"," 316,512 ", 436 ," (72,408)", 4 ," (66,024)", 5 , 46 , 6 ," (56,542)", 26 ," (26,229)"," 30,660 "," (29,652)"," 7,055 "," (4,711)", 218 , 218 , 50 
"(85,)","(10,)"," 313,908 ", 283 ," (71,883)", 4 ," (68,754)", 5 , 49 , 10 ," (50,870)", 28 ," (29,112)"," 28,917 "," (31,017)"," 8,593 "," (6,285)", 141 , 142 , 50 
"(30,)","(5,)"," 428,652 ", 683 ," (98,385)", 4 ," (93,177)", 5 , 49 , 8 ," (51,051)", 35 ," (25,719)"," 27,825 "," (20,853)"," 5,359 "," (3,831)", 342 , 341 , 50 
"(45,)","(3,)"," 456,078 ", 686 ," (105,294)", 4 ," (102,249)", 4 , 46 , 8 ," (53,828)", 35 ," (23,255)"," 27,048 "," (20,349)"," 5,544 "," (3,553)", 343 , 343 , 50 
"(15,)","(9,)"," 406,896 ", 790 ," (95,529)", 4 ," (91,182)", 4 , 48 , 7 ," (56,673)", 33 ," (23,913)"," 23,709 "," (21,378)"," 5,064 "," (3,708)", 395 , 395 , 50 
"(15,)","(8,)"," 411,306 ", 822 ," (97,251)", 4 ," (91,581)", 4 , 48 , 8 ," (56,411)", 29 ," (26,203)"," 25,095 "," (20,454)"," 5,001 "," (3,625)", 411 , 411 , 50 
"(50,)","(3,)"," 381,024 ", 698 ," (90,258)", 4 ," (83,181)", 5 , 46 , 8 ," (52,734)", 31 ," (25,370)"," 27,594 "," (23,436)"," 5,355 "," (3,493)", 349 , 349 , 50 
"(85,)","(8,)"," 312,480 ", 319 ," (74,067)", 4 ," (68,964)", 5 , 50 , 10 ," (43,302)", 32 ," (24,486)"," 30,009 "," (27,804)"," 7,714 "," (5,892)", 159 , 160 , 50 
"(25,)","(7,)"," 414,204 ", 642 ," (98,259)", 4 ," (92,043)", 5 , 50 , 7 ," (57,558)", 38 ," (24,095)"," 27,846 "," (23,772)"," 5,531 "," (4,207)", 321 , 321 , 50 
"(80,)","(2,)"," 332,556 ", 773 ," (79,149)", 4 ," (73,815)", 5 , 46 , 11 ," (45,142)", 33 ," (26,210)"," 33,075 "," (25,494)"," 4,563 "," (3,058)", 386 , 387 , 50 
"(40,)","(6,)"," 390,222 ", 515 ," (94,269)", 4 ," (86,898)", 4 , 49 , 9 ," (51,749)", 36 ," (24,679)"," 28,434 "," (24,633)"," 6,239 "," (4,506)", 257 , 258 , 50 
"(40,)","(5,)"," 426,510 ", 557 ," (103,320)", 4 ," (98,070)", 4 , 49 , 9 ," (44,228)", 33 ," (24,163)"," 28,980 "," (23,940)"," 6,151 "," (4,288)", 278 , 279 , 50 
"(35,)","(2,)"," 522,144 "," 1,205 "," (126,567)", 4 ," (124,782)", 4 , 45 , 7 ," (55,002)", 44 ," (22,835)"," 27,699 "," (19,572)"," 3,928 "," (2,439)", 603 , 602 , 50 
"(65,)","(4,)"," 377,622 ", 477 ," (91,749)", 4 ," (89,250)", 4 , 49 , 8 ," (53,246)", 31 ," (25,578)"," 25,536 "," (30,177)"," 6,304 "," (4,425)", 239 , 238 , 50 
"(20,)","(10,)"," 392,574 ", 634 ," (99,813)", 4 ," (91,077)", 4 , 49 , 11 ," (48,199)", 38 ," (25,055)"," 20,580 "," (25,116)"," 5,552 "," (4,183)", 317 , 317 , 50 
"(95,)","(2,)"," 391,566 ", 706 ," (102,417)", 4 ," (90,888)", 4 , 44 , 6 ," (60,456)", 30 ," (24,841)"," 31,605 "," (24,570)"," 4,977 "," (2,981)", 353 , 353 , 50 
"(90,)","(2,)"," 303,786 ", 694 ," (80,388)", 4 ," (70,938)", 4 , 45 , 6 ," (59,258)", 28 ," (25,569)"," 37,065 "," (25,998)"," 4,882 "," (3,149)", 347 , 347 , 50 
"(80,)","(9,)"," 270,480 ", 291 ," (71,946)", 4 ," (58,233)", 5 , 46 , 11 ," (47,951)", 32 ," (27,867)"," 28,329 "," (26,481)"," 8,946 "," (6,018)", 145 , 146 , 50 
"(65,)","(3,)"," 358,428 ", 565 ," (95,487)", 4 ," (90,531)", 4 , 48 , 6 ," (54,184)", 31 ," (24,224)"," 26,208 "," (30,177)"," 5,719 "," (3,971)", 283 , 282 , 50 
"(30,)","(7,)"," 376,656 ", 562 ," (101,241)", 4 ," (92,841)", 4 , 50 , 9 ," (52,295)", 28 ," (27,900)"," 27,321 "," (23,142)"," 5,892 "," (4,525)", 281 , 281 , 50 
"(60,)","(2,)"," 337,848 ", 893 ," (91,182)", 4 ," (84,147)", 4 , 44 , 9 ," (50,111)", 26 ," (29,015)"," 28,434 "," (28,266)"," 4,383 "," (2,740)", 447 , 446 , 50 
"(75,)","(10,)"," 333,606 ", 279 ," (90,405)", 4 ," (86,625)", 4 , 48 , 10 ," (48,766)", 32 ," (26,753)"," 31,185 "," (25,347)"," 9,327 "," (6,262)", 139 , 140 , 50 
"(45,)","(4,)"," 445,788 ", 570 ," (121,359)", 4 ," (118,860)", 4 , 49 , 7 ," (61,950)", 38 ," (24,228)"," 25,935 "," (20,475)"," 5,999 "," (4,180)", 285 , 285 , 50 
"(30,)","(6,)"," 396,732 ", 620 ," (108,612)", 4 ," (98,637)", 4 , 50 , 9 ," (52,941)", 32 ," (27,009)"," 27,699 "," (19,845)"," 5,496 "," (4,160)", 310 , 310 , 50 
"(85,)","(6,)"," 292,656 ", 363 ," (80,577)", 4 ," (76,566)", 4 , 48 , 9 ," (53,522)", 28 ," (30,127)"," 31,857 "," (25,872)"," 7,283 "," (5,202)", 181 , 182 , 50 
"(85,)","(4,)"," 247,632 ", 463 ," (68,271)", 4 ," (59,976)", 4 , 46 , 10 ," (49,482)", 26 ," (30,910)"," 32,634 "," (27,216)"," 6,390 "," (4,374)", 231 , 232 , 50 
"(50,)","(8,)"," 375,942 ", 386 ," (104,013)", 4 ," (101,115)", 4 , 51 , 8 ," (51,463)", 26 ," (26,395)"," 27,468 "," (26,859)"," 7,348 "," (5,649)", 193 , 193 , 50 
"(50,)","(2,)"," 320,880 ", 950 ," (88,914)", 4 ," (83,937)", 4 , 43 , 8 ," (48,169)", 23 ," (26,739)"," 27,594 "," (21,840)"," 4,477 "," (2,783)", 475 , 475 , 50 
"(45,)","(2,)"," 473,046 ", 964 ," (131,817)", 4 ," (128,604)", 4 , 45 , 10 ," (49,444)", 43 ," (23,843)"," 27,048 "," (20,811)"," 4,565 "," (2,787)", 482 , 482 , 50 
"(55,)","(2,)"," 406,644 ", 915 ," (116,655)", 3 ," (109,284)", 4 , 44 , 4 ," (68,691)", 23 ," (25,364)"," 29,358 "," (28,518)"," 4,428 "," (2,705)", 458 , 457 , 50 
"(5,)","(4,)"," 439,152 "," 2,219 "," (126,483)", 3 ," (124,173)", 4 , 46 , 6 ," (65,404)", 35 ," (25,445)"," 23,268 "," (11,445)"," 2,942 "," (2,179)"," 1,110 "," 1,109 ", 50 
"(80,)","(5,)"," 247,422 ", 379 ," (73,773)", 3 ," (60,333)", 4 , 44 , 9 ," (52,143)", 30 ," (28,846)"," 32,004 "," (25,494)"," 7,727 "," (4,919)", 189 , 190 , 50 
"(85,)","(5,)"," 264,390 ", 405 ," (79,401)", 3 ," (76,650)", 3 , 47 , 12 ," (48,349)", 28 ," (30,705)"," 32,634 "," (27,216)"," 6,744 "," (4,724)", 202 , 203 , 50 
"(85,)","(7,)"," 281,358 ", 337 ," (84,861)", 3 ," (80,913)", 3 , 48 , 12 ," (50,435)", 31 ," (29,730)"," 31,059 "," (25,872)"," 7,576 "," (5,531)", 168 , 169 , 50 
"(25,)","(8,)"," 295,218 ", 604 ," (89,670)", 3 ," (89,082)", 3 , 48 , 9 ," (51,476)", 34 ," (26,211)"," 26,271 "," (20,055)"," 5,603 "," (4,298)", 302 , 302 , 50 
"(85,)","(3,)"," 242,340 ", 557 ," (74,739)", 3 ," (61,719)", 4 , 43 , 7 ," (58,203)", 26 ," (29,484)"," 33,894 "," (25,494)"," 5,943 "," (3,718)", 278 , 279 , 50 
"(55,)","(8,)"," 256,452 ", 374 ," (79,695)", 3 ," (73,227)", 4 , 48 , 4 ," (61,094)", 19 ," (25,874)"," 24,276 "," (29,862)"," 7,177 "," (5,345)", 187 , 187 , 50 
"(35,)","(7,)"," 334,320 ", 521 ," (104,223)", 3 ," (91,665)", 4 , 48 , 5 ," (68,838)", 30 ," (25,052)"," 26,712 "," (24,549)"," 6,455 "," (4,633)", 260 , 261 , 50 
"(15,)","(7,)"," 359,310 ", 884 ," (112,224)", 3 ," (110,292)", 3 , 48 , 8 ," (48,326)", 31 ," (24,306)"," 26,355 "," (19,383)"," 4,694 "," (3,545)", 442 , 442 , 50 
"(90,)","(3,)"," 358,680 ", 500 ," (112,581)", 3 ," (101,199)", 4 , 47 , 9 ," (51,305)", 30 ," (27,142)"," 34,167 "," (27,216)"," 5,959 "," (4,065)", 250 , 250 , 50 
"(90,)","(4,)"," 292,026 ", 416 ," (91,707)", 3 ," (84,525)", 3 , 44 , 10 ," (53,065)", 25 ," (31,927)"," 32,907 "," (27,216)"," 7,056 "," (4,488)", 208 , 208 , 50 
"(95,)","(5,)"," 327,222 ", 356 ," (104,097)", 3 ," (89,922)", 4 , 46 , 5 ," (59,186)", 23 ," (27,048)"," 32,172 "," (28,539)"," 7,447 "," (4,859)", 178 , 178 , 50 
"(95,)","(7,)"," 320,502 ", 294 ," (102,165)", 3 ," (92,568)", 3 , 47 , 5 ," (67,494)", 22 ," (29,371)"," 50,211 "," (26,481)"," 8,503 "," (5,736)", 147 , 147 , 50 
"(80,)","(4,)"," 282,408 ", 441 ," (90,489)", 3 ," (81,711)", 3 , 46 , 7 ," (49,548)", 29 ," (26,000)"," 32,928 "," (26,691)"," 6,909 "," (4,568)", 220 , 221 , 50 
"(5,)","(6,)"," 369,306 "," 1,701 "," (119,469)", 3 ," (117,096)", 3 , 47 , 8 ," (56,718)", 32 ," (27,332)"," 26,040 "," (20,076)"," 3,349 "," (2,545)", 851 , 850 , 50 
"(80,)","(7,)"," 231,000 ", 321 ," (75,075)", 3 ," (66,423)", 3 , 46 , 9 ," (52,325)", 29 ," (29,873)"," 29,442 "," (27,258)"," 8,346 "," (5,733)", 160 , 161 , 50 
"(40,)","(7,)"," 294,042 ", 481 ," (95,907)", 3 ," (90,888)", 3 , 48 , 6 ," (58,296)", 26 ," (25,019)"," 27,468 "," (24,171)"," 6,457 "," (4,782)", 240 , 241 , 50 
"(80,)","(3,)"," 251,538 ", 531 ," (82,656)", 3 ," (71,568)", 4 , 45 , 8 ," (49,547)", 28 ," (26,612)"," 32,781 "," (26,691)"," 5,946 "," (4,005)", 265 , 266 , 50 
"(90,)","(9,)"," 268,800 ", 276 ," (88,851)", 3 ," (80,976)", 3 , 47 , 6 ," (59,910)", 20 ," (29,796)"," 49,854 "," (31,017)"," 8,894 "," (6,376)", 138 , 138 , 50 
"(55,)","(7,)"," 255,612 ", 400 ," (87,171)", 3 ," (84,567)", 3 , 48 , 5 ," (55,175)", 21 ," (25,026)"," 23,919 "," (30,639)"," 6,910 "," (5,116)", 200 , 200 , 50 
"(35,)","(6,)"," 343,854 ", 557 ," (117,474)", 3 ," (101,556)", 3 , 47 , 7 ," (64,839)", 28 ," (27,939)"," 27,048 "," (24,171)"," 6,232 "," (4,418)", 278 , 279 , 50 
"(40,)","(8,)"," 304,752 ", 447 ," (104,202)", 3 ," (99,372)", 3 , 49 , 7 ," (53,958)", 27 ," (24,834)"," 26,922 "," (24,549)"," 6,588 "," (5,042)", 223 , 224 , 50 
"(30,)","(8,)"," 341,754 ", 524 ," (117,978)", 3 ," (105,630)", 3 , 50 , 9 ," (47,621)", 24 ," (27,000)"," 26,775 "," (24,171)"," 6,136 "," (4,724)", 262 , 262 , 50 
"(10,)","(3,)"," 373,002 "," 1,793 "," (129,759)", 3 ," (128,457)", 3 , 46 , 5 ," (62,903)", 25 ," (26,487)"," 28,098 "," (19,278)"," 3,258 "," (2,439)", 897 , 896 , 50 
"(95,)","(10,)"," 284,844 ", 252 ," (99,435)", 3 ," (89,691)", 3 , 47 , 8 ," (51,266)", 18 ," (32,272)"," 49,266 "," (31,017)"," 9,380 "," (6,283)", 126 , 126 , 50 
"(5,)","(2,)"," 366,408 "," 3,456 "," (128,079)", 3 ," (128,079)", 3 , 47 , 6 ," (63,648)", 29 ," (26,522)"," 32,634 "," (15,330)"," 2,251 "," (1,766)"," 1,728 "," 1,728 ", 50 
"(65,)","(8,)"," 322,476 ", 332 ," (113,547)", 3 ," (107,604)", 3 , 48 , 7 ," (51,429)", 32 ," (23,985)"," 25,599 "," (26,964)"," 8,256 "," (5,825)", 166 , 166 , 50 
"(75,)","(2,)"," 294,546 ", 731 ," (105,777)", 3 ," (97,230)", 3 , 44 , 6 ," (59,938)", 29 ," (25,858)"," 33,075 "," (21,609)"," 4,899 "," (3,116)", 365 , 366 , 50 
"(50,)","(7,)"," 349,482 ", 412 ," (126,273)", 3 ," (122,409)", 3 , 49 , 7 ," (57,543)", 23 ," (29,347)"," 28,623 "," (24,717)"," 7,153 "," (5,286)", 206 , 206 , 50 
"(90,)","(10,)"," 257,628 ", 268 ," (93,261)", 3 ," (86,226)", 3 , 46 , 6 ," (63,116)", 22 ," (28,520)"," 49,140 "," (30,240)"," 9,343 "," (6,387)", 134 , 134 , 50 
"(80,)","(6,)"," 234,360 ", 351 ," (84,861)", 3 ," (81,900)", 3 , 44 , 8 ," (54,876)", 28 ," (30,007)"," 31,206 "," (25,536)"," 8,200 "," (5,227)", 175 , 176 , 50 
"(35,)","(10,)"," 324,744 ", 449 ," (117,747)", 3 ," (113,526)", 3 , 50 , 7 ," (59,931)", 28 ," (28,108)"," 31,206 "," (24,129)"," 6,805 "," (5,217)", 224 , 225 , 50 
"(5,)","(8,)"," 379,344 "," 1,251 "," (138,936)", 3 ," (132,258)", 3 , 47 , 8 ," (56,416)", 25 ," (29,757)"," 26,145 "," (18,480)"," 4,009 "," (2,967)", 626 , 625 , 50 
"(50,)","(9,)"," 372,876 ", 368 ," (138,327)", 3 ," (134,064)", 3 , 52 , 6 ," (65,978)", 26 ," (27,053)"," 27,468 "," (26,859)"," 7,422 "," (5,989)", 184 , 184 , 50 
"(25,)","(9,)"," 250,950 ", 580 ," (93,639)", 3 ," (89,271)", 3 , 48 , 12 ," (47,330)", 29 ," (29,291)"," 26,943 "," (20,874)"," 5,593 "," (4,400)", 290 , 290 , 50 
"(15,)","(6,)"," 314,958 ", 964 ," (117,663)", 3 ," (114,009)", 3 , 47 , 10 ," (45,656)", 28 ," (25,655)"," 26,901 "," (22,575)"," 4,498 "," (3,406)", 482 , 482 , 50 
"(50,)","(5,)"," 381,780 ", 478 ," (142,821)", 3 ," (137,046)", 3 , 49 , 7 ," (53,106)", 32 ," (24,775)"," 31,311 "," (24,906)"," 6,628 "," (4,897)", 239 , 239 , 50 
"(30,)","(2,)"," 376,446 "," 1,266 "," (141,813)", 3 ," (134,757)", 3 , 43 , 6 ," (72,058)", 33 ," (25,299)"," 26,208 "," (19,320)"," 3,907 "," (2,451)", 633 , 633 , 50 
"(75,)","(4,)"," 273,084 ", 433 ," (103,761)", 3 ," (88,431)", 3 , 46 , 7 ," (55,563)", 19 ," (32,430)"," 32,004 "," (23,625)"," 6,822 "," (4,634)", 216 , 217 , 50 
"(95,)","(9,)"," 281,232 ", 268 ," (107,730)", 3 ," (98,028)", 3 , 46 , 5 ," (66,410)", 20 ," (29,227)"," 49,266 "," (29,757)"," 9,060 "," (5,987)", 134 , 134 , 50 
"(45,)","(5,)"," 362,586 ", 514 ," (139,818)", 3 ," (136,038)", 3 , 48 , 6 ," (56,546)", 27 ," (24,186)"," 26,712 "," (23,100)"," 6,439 "," (4,553)", 257 , 257 , 50 
"(90,)","(7,)"," 271,278 ", 312 ," (105,693)", 3 ," (91,896)", 3 , 47 , 8 ," (54,826)", 24 ," (29,637)"," 49,014 "," (27,804)"," 8,086 "," (5,805)", 156 , 156 , 50 
"(65,)","(5,)"," 324,072 ", 428 ," (126,609)", 3 ," (123,249)", 3 , 49 , 7 ," (60,756)", 29 ," (26,728)"," 25,116 "," (24,948)"," 6,711 "," (4,935)", 214 , 214 , 50 
"(75,)","(3,)"," 242,088 ", 529 ," (96,180)", 3 ," (82,614)", 3 , 43 , 9 ," (52,939)", 30 ," (28,105)"," 32,781 "," (21,651)"," 6,289 "," (3,873)", 264 , 265 , 50 
"(70,)","(9,)"," 270,228 ", 301 ," (108,255)", 2 ," (100,254)", 3 , 48 , 8 ," (56,537)", 29 ," (27,835)"," 29,694 "," (27,846)"," 8,555 "," (6,161)", 150 , 151 , 50 
"(95,)","(3,)"," 306,726 ", 482 ," (123,669)", 2 ," (116,865)", 3 , 45 , 9 ," (59,026)", 25 ," (30,483)"," 31,605 "," (25,536)"," 6,157 "," (4,011)", 241 , 241 , 50 
"(95,)","(8,)"," 275,814 ", 282 ," (112,665)", 2 ," (103,866)", 3 , 44 , 6 ," (63,721)", 20 ," (32,328)"," 50,064 "," (27,804)"," 9,321 "," (5,649)", 141 , 141 , 50 
"(30,)","(9,)"," 301,644 ", 496 ," (123,774)", 2 ," (116,466)", 3 , 50 , 8 ," (49,888)", 24 ," (27,462)"," 26,775 "," (24,171)"," 6,254 "," (4,947)", 248 , 248 , 50 
"(5,)","(5,)"," 308,280 "," 1,957 "," (127,302)", 2 ," (124,635)", 2 , 45 , 7 ," (57,918)", 37 ," (25,874)"," 21,504 "," (19,278)"," 3,163 "," (2,308)", 979 , 978 , 50 
"(75,)","(9,)"," 227,934 ", 291 ," (95,907)", 2 ," (87,801)", 3 , 47 , 8 ," (55,146)", 28 ," (28,846)"," 31,479 "," (28,770)"," 8,864 "," (6,257)", 145 , 146 , 50 
"(70,)","(3,)"," 283,836 ", 542 ," (121,065)", 2 ," (114,387)", 2 , 46 , 6 ," (62,626)", 29 ," (25,834)"," 29,001 "," (30,177)"," 5,966 "," (4,120)", 271 , 271 , 50 
"(10,)","(9,)"," 300,972 ", 982 ," (128,751)", 2 ," (126,231)", 2 , 46 , 7 ," (61,896)", 22 ," (31,105)"," 26,355 "," (20,160)"," 4,546 "," (3,384)", 491 , 491 , 50 
"(60,)","(3,)"," 350,826 ", 599 ," (150,423)", 2 ," (148,260)", 2 , 46 , 5 ," (64,344)", 24 ," (26,254)"," 29,148 "," (28,392)"," 5,658 "," (3,678)", 300 , 299 , 50 
"(25,)","(10,)"," 217,350 ", 556 ," (94,563)", 2 ," (91,035)", 2 , 49 , 9 ," (45,836)", 25 ," (27,675)"," 26,943 "," (20,874)"," 5,586 "," (4,603)", 278 , 278 , 50 
"(90,)","(6,)"," 266,784 ", 326 ," (117,285)", 2 ," (110,250)", 2 , 46 , 7 ," (58,074)", 21 ," (29,624)"," 49,014 "," (25,200)"," 8,069 "," (5,511)", 163 , 163 , 50 
"(95,)","(6,)"," 271,404 ", 326 ," (119,679)", 2 ," (104,517)", 3 , 45 , 7 ," (64,416)", 20 ," (33,827)"," 32,487 "," (28,539)"," 8,219 "," (5,339)", 163 , 163 , 50 
"(70,)","(8,)"," 251,748 ", 307 ," (111,111)", 2 ," (97,776)", 3 , 48 , 7 ," (61,830)", 28 ," (27,155)"," 29,442 "," (25,893)"," 8,302 "," (6,127)", 153 , 154 , 50 
"(45,)","(10,)"," 298,956 ", 376 ," (132,132)", 2 ," (127,890)", 2 , 49 , 9 ," (52,948)", 26 ," (29,146)"," 30,996 "," (27,846)"," 7,592 "," (5,893)", 188 , 188 , 50 
"(50,)","(10,)"," 313,152 ", 352 ," (138,453)", 2 ," (129,780)", 2 , 51 , 7 ," (61,725)", 25 ," (28,352)"," 23,919 "," (28,476)"," 7,555 "," (6,156)", 176 , 176 , 50 
"(35,)","(8,)"," 284,970 ", 495 ," (126,546)", 2 ," (120,918)", 2 , 48 , 5 ," (69,619)", 25 ," (27,043)"," 28,434 "," (23,898)"," 6,475 "," (4,882)", 247 , 248 , 50 
"(65,)","(7,)"," 294,252 ", 354 ," (134,169)", 2 ," (128,226)", 2 , 48 , 4 ," (69,699)", 28 ," (25,086)"," 25,599 "," (23,667)"," 7,865 "," (5,759)", 177 , 177 , 50 
"(95,)","(4,)"," 315,756 ", 412 ," (144,081)", 2 ," (135,408)", 2 , 45 , 6 ," (74,764)", 24 ," (31,788)"," 32,172 "," (25,536)"," 7,034 "," (4,497)", 206 , 206 , 50 
"(50,)","(6,)"," 320,712 ", 446 ," (146,769)", 2 ," (142,905)", 2 , 48 , 6 ," (64,446)", 24 ," (29,382)"," 29,358 "," (25,536)"," 7,052 "," (5,133)", 223 , 223 , 50 
"(40,)","(9,)"," 295,302 ", 425 ," (136,416)", 2 ," (131,586)", 2 , 50 , 8 ," (51,096)", 31 ," (23,908)"," 28,413 "," (21,231)"," 6,800 "," (5,325)", 212 , 213 , 50 
"(15,)","(4,)"," 314,370 "," 1,177 "," (149,730)", 2 ," (139,461)", 2 , 46 , 8 ," (58,582)", 30 ," (27,463)"," 26,145 "," (18,480)"," 4,034 "," (2,984)", 589 , 588 , 50 
"(15,)","(2,)"," 365,064 "," 1,934 "," (174,363)", 2 ," (170,772)", 2 , 45 , 6 ," (63,238)", 22 ," (31,005)"," 25,788 "," (20,076)"," 3,098 "," (2,186)", 967 , 967 , 50 
"(90,)","(5,)"," 269,094 ", 366 ," (129,507)", 2 ," (124,551)", 2 , 44 , 8 ," (55,939)", 22 ," (32,028)"," 50,568 "," (25,200)"," 7,816 "," (5,028)", 183 , 183 , 50 
"(75,)","(5,)"," 250,992 ", 379 ," (121,905)", 2 ," (108,633)", 2 , 47 , 7 ," (58,935)", 22 ," (31,052)"," 31,500 "," (23,625)"," 7,409 "," (5,343)", 189 , 190 , 50 
"(85,)","(2,)"," 206,766 ", 775 ," (102,102)", 2 ," (97,776)", 2 , 44 , 7 ," (58,368)", 27 ," (29,359)"," 35,154 "," (25,494)"," 4,535 "," (3,063)", 387 , 388 , 50 
"(75,)","(7,)"," 212,268 ", 311 ," (104,832)", 2 ," (91,455)", 2 , 47 , 8 ," (52,248)", 25 ," (27,464)"," 31,080 "," (26,691)"," 8,527 "," (6,134)", 155 , 156 , 50 
"(45,)","(6,)"," 350,532 ", 468 ," (174,300)", 2 ," (170,184)", 2 , 47 , 5 ," (64,856)", 28 ," (25,408)"," 24,381 "," (24,171)"," 6,900 "," (4,796)", 234 , 234 , 50 
"(10,)","(4,)"," 324,198 "," 1,487 "," (161,700)", 2 ," (158,739)", 2 , 47 , 9 ," (56,289)", 22 ," (32,645)"," 25,893 "," (20,076)"," 3,572 "," (2,729)", 744 , 743 , 50 
"(60,)","(4,)"," 296,520 ", 519 ," (149,373)", 2 ," (147,945)", 2 , 45 , 5 ," (70,291)", 26 ," (25,985)"," 29,148 "," (26,691)"," 6,162 "," (4,003)", 260 , 259 , 50 
"(70,)","(10,)"," 265,986 ", 289 ," (136,143)", 2 ," (128,142)", 2 , 48 , 6 ," (66,014)", 36 ," (25,928)"," 29,589 "," (28,770)"," 8,893 "," (6,366)", 144 , 145 , 50 
"(10,)","(8,)"," 293,580 "," 1,056 "," (150,297)", 2 ," (146,286)", 2 , 46 , 5 ," (61,820)", 25 ," (26,047)"," 26,901 "," (18,312)"," 4,406 "," (3,324)", 528 , 528 , 50 
"(45,)","(9,)"," 269,598 ", 396 ," (141,330)", 2 ," (139,335)", 2 , 49 , 9 ," (53,622)", 28 ," (28,580)"," 28,623 "," (26,859)"," 7,279 "," (5,687)", 198 , 198 , 50 
"(65,)","(6,)"," 259,518 ", 394 ," (139,251)", 2 ," (130,158)", 2 , 48 , 4 ," (81,023)", 25 ," (27,098)"," 25,116 "," (24,969)"," 7,081 "," (5,397)", 197 , 197 , 50 
"(15,)","(5,)"," 260,358 "," 1,066 "," (142,002)", 2 ," (134,610)", 2 , 46 , 8 ," (55,437)", 28 ," (27,914)"," 25,767 "," (20,097)"," 4,284 "," (3,201)", 533 , 533 , 50 
"(65,)","(10,)"," 249,648 ", 306 ," (136,185)", 2 ," (120,582)", 2 , 47 , 6 ," (67,204)", 27 ," (26,720)"," 28,392 "," (24,612)"," 8,684 "," (6,235)", 153 , 153 , 50 
"(65,)","(2,)"," 232,134 ", 817 ," (127,071)", 2 ," (124,383)", 2 , 41 , 4 ," (81,868)", 16 ," (31,173)"," 27,888 "," (28,266)"," 4,771 "," (2,891)", 409 , 408 , 50 
"(90,)","(8,)"," 222,264 ", 294 ," (125,601)", 2 ," (108,150)", 2 , 47 , 7 ," (66,525)", 20 ," (35,322)"," 48,090 "," (29,064)"," 8,359 "," (6,065)", 147 , 147 , 50 
"(10,)","(5,)"," 290,220 "," 1,325 "," (164,073)", 2 ," (158,655)", 2 , 47 , 5 ," (65,953)", 19 ," (31,813)"," 25,893 "," (18,081)"," 3,838 "," (2,969)", 663 , 662 , 50 
"(75,)","(8,)"," 182,238 ", 301 ," (103,803)", 2 ," (95,088)", 2 , 47 , 7 ," (62,646)", 28 ," (29,302)"," 31,542 "," (27,846)"," 8,641 "," (6,346)", 150 , 151 , 50 
"(55,)","(9,)"," 182,154 ", 364 ," (105,861)", 2 ," (98,448)", 2 , 47 , 4 ," (72,445)", 25 ," (25,399)"," 23,436 "," (29,862)"," 7,320 "," (5,592)", 182 , 182 , 50 
"(70,)","(7,)"," 217,896 ", 325 ," (127,953)", 2 ," (123,018)", 2 , 46 , 6 ," (62,080)", 29 ," (25,242)"," 29,442 "," (24,906)"," 8,241 "," (5,819)", 162 , 163 , 50 
"(45,)","(7,)"," 303,282 ", 440 ," (179,235)", 2 ," (175,728)", 2 , 48 , 6 ," (64,558)", 30 ," (25,554)"," 31,038 "," (24,717)"," 7,001 "," (5,204)", 220 , 220 , 50 
"(5,)","(9,)"," 311,808 "," 1,121 "," (186,186)", 2 ," (178,815)", 2 , 48 , 7 ," (61,848)", 22 ," (32,963)"," 25,767 "," (20,874)"," 4,197 "," (3,329)", 561 , 560 , 50 
"(5,)","(10,)"," 326,172 ", 991 ," (196,854)", 2 ," (193,284)", 2 , 48 , 5 ," (37,002)", 25 ," (22,472)"," 26,355 "," (18,816)"," 4,434 "," (3,437)", 496 , 495 , 50 
"(75,)","(6,)"," 215,040 ", 343 ," (131,103)", 2 ," (110,964)", 2 , 47 , 8 ," (56,965)", 24 ," (29,014)"," 31,080 "," (26,460)"," 7,976 "," (5,764)", 171 , 172 , 50 
"(60,)","(5,)"," 266,070 ", 455 ," (163,212)", 2 ," (161,784)", 2 , 45 , 5 ," (72,043)", 25 ," (27,481)"," 28,875 "," (26,901)"," 6,709 "," (4,395)", 228 , 227 , 50 
"(70,)","(2,)"," 214,032 ", 810 ," (132,279)", 2 ," (124,908)", 2 , 41 , 5 ," (78,452)", 26 ," (28,386)"," 27,741 "," (20,937)"," 4,810 "," (2,918)", 405 , 405 , 50 
"(45,)","(8,)"," 238,686 ", 420 ," (149,499)", 2 ," (147,000)", 2 , 47 , 4 ," (40,929)", 19 ," (21,516)"," 28,623 "," (26,691)"," 7,205 "," (5,265)", 210 , 210 , 50 
"(60,)","(7,)"," 226,968 ", 383 ," (142,338)", 2 ," (138,558)", 2 , 49 , 7 ," (58,320)", 29 ," (26,815)"," 28,770 "," (31,353)"," 6,819 "," (5,296)", 192 , 191 , 50 
"(35,)","(9,)"," 249,900 ", 467 ," (159,285)", 2 ," (153,300)", 2 , 49 , 6 ," (72,863)", 20 ," (33,604)"," 28,203 "," (24,591)"," 6,613 "," (5,216)", 233 , 234 , 50 
"(70,)","(4,)"," 223,272 ", 456 ," (144,837)", 2 ," (137,340)", 2 , 46 , 4 ," (77,584)", 27 ," (24,703)"," 27,048 "," (25,284)"," 6,485 "," (4,718)", 228 , 228 , 50 
"(65,)","(9,)"," 231,630 ", 320 ," (151,431)", 2 ," (140,049)", 2 , 47 , 6 ," (65,968)", 25 ," (28,566)"," 26,712 "," (24,612)"," 8,284 "," (5,965)", 160 , 160 , 50 
"(30,)","(10,)"," 213,990 ", 478 ," (149,646)", 1 ," (145,950)", 1 , 48 , 8 ," (56,220)", 25 ," (27,892)"," 26,712 "," (22,911)"," 6,374 "," (5,095)", 239 , 239 , 50 
"(10,)","(6,)"," 277,158 "," 1,217 "," (197,904)", 1 ," (191,667)", 1 , 46 , 5 ," (69,065)", 17 ," (33,052)"," 26,145 "," (20,538)"," 4,042 "," (3,072)", 609 , 608 , 50 
"(60,)","(8,)"," 222,684 ", 357 ," (163,422)", 1 ," (159,558)", 1 , 46 , 6 ," (64,572)", 23 ," (29,200)"," 30,597 "," (23,205)"," 7,750 "," (5,512)", 179 , 178 , 50 
"(55,)","(10,)"," 161,700 ", 338 ," (126,399)", 1 ," (111,258)", 1 , 48 , 3 ," (105,777)", 28 ," (25,835)"," 26,796 "," (33,264)"," 7,636 "," (6,058)", 169 , 169 , 50 
"(15,)","(3,)"," 270,312 "," 1,383 "," (212,037)", 1 ," (208,929)", 1 , 44 , 6 ," (69,517)", 18 ," (36,029)"," 25,788 "," (20,076)"," 3,820 "," (2,703)", 692 , 691 , 50 
"(60,)","(6,)"," 193,746 ", 419 ," (156,324)", 1 ," (149,583)", 1 , 46 , 7 ," (62,325)", 24 ," (29,385)"," 28,770 "," (29,379)"," 6,630 "," (4,871)", 210 , 209 , 50 
"(40,)","(10,)"," 254,772 ", 403 ," (210,273)", 1 ," (206,451)", 1 , 50 , 7 ," (69,096)", 23 ," (31,316)"," 31,206 "," (23,184)"," 7,013 "," (5,657)", 201 , 202 , 50 
"(70,)","(5,)"," 174,888 ", 398 ," (158,235)", 1 ," (152,292)", 1 , 46 , 5 ," (73,202)", 27 ," (26,169)"," 27,048 "," (24,969)"," 7,170 "," (5,208)", 199 , 199 , 50 
"(60,)","(9,)"," 164,766 ", 339 ," (160,944)", 1 ," (155,652)", 1 , 45 , 6 ," (70,018)", 24 ," (29,613)"," 30,744 "," (25,074)"," 8,100 "," (5,719)", 170 , 169 , 50 
"(60,)","(10,)"," 178,332 ", 320 ," (177,891)", 1 ," (169,449)", 1 , 48 , 5 ," (82,320)", 19 ," (34,011)"," 26,712 "," (26,922)"," 7,966 "," (6,338)", 160 , 160 , 50 
"(70,)","(6,)"," 164,724 ", 362 ," (185,073)", 1 ," (178,542)", 1 , 46 , 4 ," (87,512)", 22 ," (28,584)"," 27,447 "," (24,906)"," 7,594 "," (5,536)", 181 , 181 , 50 
"(10,)","(7,)"," 238,980 "," 1,131 "," (273,063)", 1 ," (264,117)", 1 , 47 , 6 ," (82,600)", 15 ," (43,194)"," 25,767 "," (20,874)"," 4,147 "," (3,338)", 566 , 565 , 50 
